state_id,ready_jobs,machine_idle,proc_times_sample,makespan,num_actions,actions
0,"[1, 1, 1, 0]","[1, 1, 1, 1]","[3, 5, 4, 2, 4, 3]",1,11,J1-Op1-M1->sid1; J1-Op1-M2->sid2; J1-Op1-M3->sid3; J1-Op1-M4->sid4; J2-Op1-M1->sid5; J2-Op1-M2->sid6; J2-Op1-M3->sid7; J2-Op1-M4->sid8; J3-Op1-M1->sid9; J3-Op1-M2->sid10; J3-Op1-M3->sid11
1,"[0, 1, 1, 0]","[0, 1, 1, 1]","[0, 0, 0, 0, 4, 3]",3,5,J2-Op1-M2->sid12; J2-Op1-M3->sid13; J2-Op1-M4->sid14; J3-Op1-M2->sid15; J3-Op1-M3->sid16
2,"[0, 1, 1, 0]","[1, 0, 1, 1]","[0, 0, 0, 0, 4, 3]",5,5,J2-Op1-M1->sid17; J2-Op1-M3->sid18; J2-Op1-M4->sid19; J3-Op1-M1->sid20; J3-Op1-M3->sid21
3,"[0, 1, 1, 0]","[1, 1, 0, 1]","[0, 0, 0, 0, 4, 3]",4,5,J2-Op1-M1->sid22; J2-Op1-M2->sid23; J2-Op1-M4->sid24; J3-Op1-M1->sid25; J3-Op1-M2->sid26
4,"[0, 1, 1, 0]","[1, 1, 1, 0]","[0, 0, 0, 0, 4, 3]",2,6,J2-Op1-M1->sid27; J2-Op1-M2->sid28; J2-Op1-M3->sid29; J3-Op1-M1->sid30; J3-Op1-M2->sid31; J3-Op1-M3->sid32
5,"[1, 0, 1, 0]","[0, 1, 1, 1]","[3, 5, 4, 2, 0, 0]",4,5,J1-Op1-M2->sid17; J1-Op1-M3->sid22; J1-Op1-M4->sid27; J3-Op1-M2->sid33; J3-Op1-M3->sid34
6,"[1, 0, 1, 0]","[1, 0, 1, 1]","[3, 5, 4, 2, 0, 0]",3,5,J1-Op1-M1->sid12; J1-Op1-M3->sid23; J1-Op1-M4->sid28; J3-Op1-M1->sid35; J3-Op1-M3->sid36
7,"[1, 0, 1, 0]","[1, 1, 0, 1]","[3, 5, 4, 2, 0, 0]",2,5,J1-Op1-M1->sid13; J1-Op1-M2->sid18; J1-Op1-M4->sid29; J3-Op1-M1->sid37; J3-Op1-M2->sid38
8,"[1, 0, 1, 0]","[1, 1, 1, 0]","[3, 5, 4, 2, 0, 0]",6,6,J1-Op1-M1->sid14; J1-Op1-M2->sid19; J1-Op1-M3->sid24; J3-Op1-M1->sid39; J3-Op1-M2->sid40; J3-Op1-M3->sid41
9,"[1, 1, 0, 0]","[0, 1, 1, 1]","[3, 5, 4, 2, 4, 3]",2,6,J1-Op1-M2->sid20; J1-Op1-M3->sid25; J1-Op1-M4->sid30; J2-Op1-M2->sid35; J2-Op1-M3->sid37; J2-Op1-M4->sid39
10,"[1, 1, 0, 0]","[1, 0, 1, 1]","[3, 5, 4, 2, 4, 3]",6,6,J1-Op1-M1->sid15; J1-Op1-M3->sid26; J1-Op1-M4->sid31; J2-Op1-M1->sid33; J2-Op1-M3->sid38; J2-Op1-M4->sid40
11,"[1, 1, 0, 0]","[1, 1, 0, 1]","[3, 5, 4, 2, 4, 3]",3,6,J1-Op1-M1->sid16; J1-Op1-M2->sid21; J1-Op1-M4->sid32; J2-Op1-M1->sid34; J2-Op1-M2->sid36; J2-Op1-M4->sid41
12,"[0, 0, 1, 0]","[0, 0, 1, 1]","[0, 0, 0, 0, 0, 0]",3,1,J3-Op1-M3->sid42
13,"[0, 0, 1, 0]","[0, 1, 0, 1]","[0, 0, 0, 0, 0, 0]",3,1,J3-Op1-M2->sid43
14,"[0, 0, 1, 0]","[0, 1, 1, 0]","[0, 0, 0, 0, 0, 0]",6,2,J3-Op1-M2->sid44; J3-Op1-M3->sid45
15,"[0, 1, 0, 0]","[0, 0, 1, 1]","[0, 0, 0, 0, 4, 3]",6,2,J2-Op1-M3->sid43; J2-Op1-M4->sid44
16,"[0, 1, 0, 0]","[0, 1, 0, 1]","[0, 0, 0, 0, 4, 3]",3,2,J2-Op1-M2->sid42; J2-Op1-M4->sid45
17,"[0, 0, 1, 0]","[0, 0, 1, 1]","[0, 0, 0, 0, 0, 0]",5,1,J3-Op1-M3->sid46
18,"[0, 0, 1, 0]","[1, 0, 0, 1]","[0, 0, 0, 0, 0, 0]",5,1,J3-Op1-M1->sid46
19,"[0, 0, 1, 0]","[1, 0, 1, 0]","[0, 0, 0, 0, 0, 0]",6,2,J3-Op1-M1->sid44; J3-Op1-M3->sid47
20,"[0, 1, 0, 0]","[0, 0, 1, 1]","[0, 0, 0, 0, 4, 3]",5,2,J2-Op1-M3->sid46; J2-Op1-M4->sid44
21,"[0, 1, 0, 0]","[1, 0, 0, 1]","[0, 0, 0, 0, 4, 3]",5,2,J2-Op1-M1->sid46; J2-Op1-M4->sid47
22,"[0, 0, 1, 0]","[0, 1, 0, 1]","[0, 0, 0, 0, 0, 0]",4,1,J3-Op1-M2->sid43
23,"[0, 0, 1, 0]","[1, 0, 0, 1]","[0, 0, 0, 0, 0, 0]",4,1,J3-Op1-M1->sid48
24,"[0, 0, 1, 0]","[1, 1, 0, 0]","[0, 0, 0, 0, 0, 0]",6,2,J3-Op1-M1->sid45; J3-Op1-M2->sid47
25,"[0, 1, 0, 0]","[0, 1, 0, 1]","[0, 0, 0, 0, 4, 3]",4,2,J2-Op1-M2->sid48; J2-Op1-M4->sid45
26,"[0, 1, 0, 0]","[1, 0, 0, 1]","[0, 0, 0, 0, 4, 3]",6,2,J2-Op1-M1->sid43; J2-Op1-M4->sid47
27,"[0, 0, 1, 0]","[0, 1, 1, 0]","[0, 0, 0, 0, 0, 0]",4,2,J3-Op1-M2->sid44; J3-Op1-M3->sid49
28,"[0, 0, 1, 0]","[1, 0, 1, 0]","[0, 0, 0, 0, 0, 0]",3,2,J3-Op1-M1->sid50; J3-Op1-M3->sid51
29,"[0, 0, 1, 0]","[1, 1, 0, 0]","[0, 0, 0, 0, 0, 0]",2,2,J3-Op1-M1->sid52; J3-Op1-M2->sid47
30,"[0, 1, 0, 0]","[0, 1, 1, 0]","[0, 0, 0, 0, 4, 3]",2,2,J2-Op1-M2->sid50; J2-Op1-M3->sid52
31,"[0, 1, 0, 0]","[1, 0, 1, 0]","[0, 0, 0, 0, 4, 3]",6,2,J2-Op1-M1->sid44; J2-Op1-M3->sid47
32,"[0, 1, 0, 0]","[1, 1, 0, 0]","[0, 0, 0, 0, 4, 3]",3,2,J2-Op1-M1->sid49; J2-Op1-M2->sid51
33,"[1, 0, 0, 0]","[0, 0, 1, 1]","[3, 5, 4, 2, 0, 0]",6,2,J1-Op1-M3->sid43; J1-Op1-M4->sid44
34,"[1, 0, 0, 0]","[0, 1, 0, 1]","[3, 5, 4, 2, 0, 0]",4,2,J1-Op1-M2->sid46; J1-Op1-M4->sid49
35,"[1, 0, 0, 0]","[0, 0, 1, 1]","[3, 5, 4, 2, 0, 0]",3,2,J1-Op1-M3->sid48; J1-Op1-M4->sid50
36,"[1, 0, 0, 0]","[1, 0, 0, 1]","[3, 5, 4, 2, 0, 0]",3,2,J1-Op1-M1->sid42; J1-Op1-M4->sid51
37,"[1, 0, 0, 0]","[0, 1, 0, 1]","[3, 5, 4, 2, 0, 0]",2,2,J1-Op1-M2->sid46; J1-Op1-M4->sid52
38,"[1, 0, 0, 0]","[1, 0, 0, 1]","[3, 5, 4, 2, 0, 0]",6,2,J1-Op1-M1->sid43; J1-Op1-M4->sid47
39,"[1, 0, 0, 0]","[0, 1, 1, 0]","[3, 5, 4, 2, 0, 0]",6,2,J1-Op1-M2->sid44; J1-Op1-M3->sid45
40,"[1, 0, 0, 0]","[1, 0, 1, 0]","[3, 5, 4, 2, 0, 0]",6,2,J1-Op1-M1->sid44; J1-Op1-M3->sid47
41,"[1, 0, 0, 0]","[1, 1, 0, 0]","[3, 5, 4, 2, 0, 0]",6,2,J1-Op1-M1->sid45; J1-Op1-M2->sid47
42,"[0, 0, 0, 0]","[0, 0, 0, 1]","[0, 0, 0, 0, 0, 0]",3,1,"('WAIT',)->sid53"
43,"[0, 0, 0, 0]","[0, 0, 0, 1]","[0, 0, 0, 0, 0, 0]",6,1,"('WAIT',)->sid54"
44,"[0, 0, 0, 0]","[0, 0, 1, 0]","[0, 0, 0, 0, 0, 0]",6,1,"('WAIT',)->sid55"
45,"[0, 0, 0, 0]","[0, 1, 0, 0]","[0, 0, 0, 0, 0, 0]",6,1,"('WAIT',)->sid56"
46,"[0, 0, 0, 0]","[0, 0, 0, 1]","[0, 0, 0, 0, 0, 0]",5,1,"('WAIT',)->sid57"
47,"[0, 0, 0, 0]","[1, 0, 0, 0]","[0, 0, 0, 0, 0, 0]",6,1,"('WAIT',)->sid58"
48,"[0, 0, 0, 0]","[0, 0, 0, 1]","[0, 0, 0, 0, 0, 0]",4,1,"('WAIT',)->sid59"
49,"[0, 0, 0, 0]","[0, 1, 0, 0]","[0, 0, 0, 0, 0, 0]",4,1,"('WAIT',)->sid60"
50,"[0, 0, 0, 0]","[0, 0, 1, 0]","[0, 0, 0, 0, 0, 0]",3,1,"('WAIT',)->sid61"
51,"[0, 0, 0, 0]","[1, 0, 0, 0]","[0, 0, 0, 0, 0, 0]",3,1,"('WAIT',)->sid62"
52,"[0, 0, 0, 0]","[0, 1, 0, 0]","[0, 0, 0, 0, 0, 0]",2,1,"('WAIT',)->sid63"
53,"[0, 0, 0, 1]","[0, 0, 0, 1]","[0, 0, 0, 0, 0, 0]",3,1,J4-Op1-M4->sid64
54,"[0, 0, 0, 1]","[0, 0, 0, 1]","[0, 0, 0, 0, 0, 0]",6,1,J4-Op1-M4->sid65
55,"[0, 0, 0, 1]","[0, 0, 1, 0]","[0, 0, 0, 0, 0, 0]",6,1,J4-Op1-M3->sid65
56,"[0, 0, 0, 1]","[0, 1, 0, 0]","[0, 0, 0, 0, 0, 0]",6,1,"('WAIT',)->sid66"
57,"[0, 0, 0, 1]","[0, 0, 0, 1]","[0, 0, 0, 0, 0, 0]",5,1,J4-Op1-M4->sid67
58,"[0, 0, 0, 1]","[1, 0, 0, 0]","[0, 0, 0, 0, 0, 0]",6,1,J4-Op1-M1->sid65
59,"[0, 0, 0, 1]","[0, 0, 0, 1]","[0, 0, 0, 0, 0, 0]",4,1,J4-Op1-M4->sid64
60,"[0, 0, 0, 1]","[0, 1, 0, 0]","[0, 0, 0, 0, 0, 0]",4,1,"('WAIT',)->sid68"
61,"[0, 0, 0, 1]","[0, 0, 1, 0]","[0, 0, 0, 0, 0, 0]",3,1,J4-Op1-M3->sid67
62,"[0, 0, 0, 1]","[1, 0, 0, 0]","[0, 0, 0, 0, 0, 0]",3,1,J4-Op1-M1->sid65
63,"[0, 0, 0, 1]","[0, 1, 0, 0]","[0, 0, 0, 0, 0, 0]",2,1,"('WAIT',)->sid69"
64,"[0, 0, 0, 0]","[0, 0, 0, 0]","[0, 0, 0, 0, 0, 0]",4,1,"('WAIT',)->sid70"
65,"[0, 0, 0, 0]","[0, 0, 0, 0]","[0, 0, 0, 0, 0, 0]",6,2,"('WAIT',)->sid71; ('WAIT',)->sid72"
66,"[1, 0, 1, 1]","[1, 1, 1, 0]","[2, 3, 6, 4, 0, 0]",6,7,J1-Op2-M1->sid73; J1-Op2-M2->sid74; J1-Op2-M3->sid75; J3-Op2-M2->sid76; J3-Op2-M3->sid77; J4-Op1-M1->sid78; J4-Op1-M3->sid79
67,"[0, 0, 0, 0]","[0, 0, 0, 0]","[0, 0, 0, 0, 0, 0]",5,2,"('WAIT',)->sid80; ('WAIT',)->sid81"
68,"[1, 0, 0, 1]","[0, 1, 0, 1]","[2, 3, 6, 4, 0, 0]",4,3,J1-Op2-M2->sid57; J1-Op2-M4->sid56; J4-Op1-M4->sid82
69,"[1, 1, 1, 1]","[1, 1, 1, 1]","[2, 3, 6, 4, 5, 2]",2,13,J1-Op2-M1->sid83; J1-Op2-M2->sid84; J1-Op2-M3->sid85; J1-Op2-M4->sid86; J2-Op2-M1->sid87; J2-Op2-M2->sid88; J2-Op2-M4->sid89; J3-Op2-M2->sid90; J3-Op2-M3->sid91; J3-Op2-M4->sid92; J4-Op1-M1->sid93; J4-Op1-M3->sid94; J4-Op1-M4->sid95
70,"[1, 1, 1, 0]","[1, 1, 1, 0]","[2, 3, 6, 4, 5, 2]",4,7,J1-Op2-M1->sid96; J1-Op2-M2->sid97; J1-Op2-M3->sid98; J2-Op2-M1->sid78; J2-Op2-M2->sid99; J3-Op2-M2->sid100; J3-Op2-M3->sid101
71,"[0, 1, 0, 0]","[0, 0, 1, 0]","[0, 0, 0, 0, 5, 2]",6,1,"('WAIT',)->sid100"
72,"[1, 0, 0, 0]","[1, 0, 0, 0]","[2, 3, 6, 4, 0, 0]",6,1,J1-Op2-M1->sid65
73,"[0, 0, 1, 1]","[0, 1, 1, 0]","[0, 0, 0, 0, 0, 0]",6,3,J3-Op2-M2->sid55; J3-Op2-M3->sid102; J4-Op1-M3->sid103
74,"[0, 0, 1, 1]","[1, 0, 1, 0]","[0, 0, 0, 0, 0, 0]",6,3,J3-Op2-M3->sid104; J4-Op1-M1->sid105; J4-Op1-M3->sid106
75,"[0, 0, 1, 1]","[1, 1, 0, 0]","[0, 0, 0, 0, 0, 0]",9,2,J3-Op2-M2->sid107; J4-Op1-M1->sid108
76,"[1, 0, 0, 1]","[1, 0, 1, 0]","[2, 3, 6, 4, 0, 0]",6,4,J1-Op2-M1->sid55; J1-Op2-M3->sid107; J4-Op1-M1->sid109; J4-Op1-M3->sid110
77,"[1, 0, 0, 1]","[1, 1, 0, 0]","[2, 3, 6, 4, 0, 0]",8,3,J1-Op2-M1->sid102; J1-Op2-M2->sid104; J4-Op1-M1->sid111
78,"[1, 0, 1, 0]","[0, 1, 1, 0]","[2, 3, 6, 4, 0, 0]",8,4,J1-Op2-M2->sid105; J1-Op2-M3->sid108; J3-Op2-M2->sid109; J3-Op2-M3->sid111
79,"[1, 0, 1, 0]","[1, 1, 0, 0]","[2, 3, 6, 4, 0, 0]",7,3,J1-Op2-M1->sid103; J1-Op2-M2->sid106; J3-Op2-M2->sid110
80,"[0, 0, 1, 0]","[0, 0, 1, 0]","[0, 0, 0, 0, 0, 0]",5,1,J3-Op2-M3->sid112
81,"[0, 1, 1, 0]","[1, 0, 1, 0]","[0, 0, 0, 0, 5, 2]",5,2,J2-Op2-M1->sid113; J3-Op2-M3->sid114
82,"[1, 0, 0, 0]","[0, 1, 0, 0]","[2, 3, 6, 4, 0, 0]",5,1,J1-Op2-M2->sid67
83,"[0, 1, 1, 1]","[0, 1, 1, 1]","[0, 0, 0, 0, 5, 2]",4,7,J2-Op2-M2->sid115; J2-Op2-M4->sid116; J3-Op2-M2->sid117; J3-Op2-M3->sid118; J3-Op2-M4->sid119; J4-Op1-M3->sid120; J4-Op1-M4->sid96
84,"[0, 1, 1, 1]","[1, 0, 1, 1]","[0, 0, 0, 0, 5, 2]",5,7,J2-Op2-M1->sid121; J2-Op2-M4->sid122; J3-Op2-M3->sid123; J3-Op2-M4->sid124; J4-Op1-M1->sid125; J4-Op1-M3->sid126; J4-Op1-M4->sid81
85,"[0, 1, 1, 1]","[1, 1, 0, 1]","[0, 0, 0, 0, 5, 2]",8,7,J2-Op2-M1->sid127; J2-Op2-M2->sid128; J2-Op2-M4->sid129; J3-Op2-M2->sid130; J3-Op2-M4->sid131; J4-Op1-M1->sid132; J4-Op1-M4->sid133
86,"[0, 1, 1, 1]","[1, 1, 1, 0]","[0, 0, 0, 0, 5, 2]",6,6,J2-Op2-M1->sid134; J2-Op2-M2->sid74; J3-Op2-M2->sid124; J3-Op2-M3->sid135; J4-Op1-M1->sid136; J4-Op1-M3->sid137
87,"[1, 0, 1, 1]","[0, 1, 1, 1]","[2, 3, 6, 4, 0, 0]",7,8,J1-Op2-M2->sid121; J1-Op2-M3->sid127; J1-Op2-M4->sid134; J3-Op2-M2->sid138; J3-Op2-M3->sid139; J3-Op2-M4->sid140; J4-Op1-M3->sid141; J4-Op1-M4->sid142
88,"[1, 0, 1, 1]","[1, 0, 1, 1]","[2, 3, 6, 4, 0, 0]",4,8,J1-Op2-M1->sid115; J1-Op2-M3->sid128; J1-Op2-M4->sid74; J3-Op2-M3->sid143; J3-Op2-M4->sid76; J4-Op1-M1->sid144; J4-Op1-M3->sid145; J4-Op1-M4->sid99
89,"[1, 0, 1, 1]","[1, 1, 1, 0]","[2, 3, 6, 4, 0, 0]",5,7,J1-Op2-M1->sid116; J1-Op2-M2->sid122; J1-Op2-M3->sid129; J3-Op2-M2->sid146; J3-Op2-M3->sid147; J4-Op1-M1->sid142; J4-Op1-M3->sid148
90,"[1, 1, 0, 1]","[1, 0, 1, 1]","[2, 3, 6, 4, 5, 2]",5,8,J1-Op2-M1->sid117; J1-Op2-M3->sid130; J1-Op2-M4->sid124; J2-Op2-M1->sid138; J2-Op2-M4->sid146; J4-Op1-M1->sid149; J4-Op1-M3->sid150; J4-Op1-M4->sid151
91,"[1, 1, 0, 1]","[1, 1, 0, 1]","[2, 3, 6, 4, 5, 2]",7,8,J1-Op2-M1->sid118; J1-Op2-M2->sid123; J1-Op2-M4->sid135; J2-Op2-M1->sid139; J2-Op2-M2->sid143; J2-Op2-M4->sid147; J4-Op1-M1->sid152; J4-Op1-M4->sid153
92,"[1, 1, 0, 1]","[1, 1, 1, 0]","[2, 3, 6, 4, 5, 2]",6,7,J1-Op2-M1->sid119; J1-Op2-M2->sid124; J1-Op2-M3->sid131; J2-Op2-M1->sid140; J2-Op2-M2->sid76; J4-Op1-M1->sid154; J4-Op1-M3->sid155
93,"[1, 1, 1, 0]","[0, 1, 1, 1]","[2, 3, 6, 4, 5, 2]",7,8,J1-Op2-M2->sid125; J1-Op2-M3->sid132; J1-Op2-M4->sid136; J2-Op2-M2->sid144; J2-Op2-M4->sid142; J3-Op2-M2->sid149; J3-Op2-M3->sid152; J3-Op2-M4->sid154
94,"[1, 1, 1, 0]","[1, 1, 0, 1]","[2, 3, 6, 4, 5, 2]",6,8,J1-Op2-M1->sid120; J1-Op2-M2->sid126; J1-Op2-M4->sid137; J2-Op2-M1->sid141; J2-Op2-M2->sid145; J2-Op2-M4->sid148; J3-Op2-M2->sid150; J3-Op2-M4->sid155
95,"[1, 1, 1, 0]","[1, 1, 1, 0]","[2, 3, 6, 4, 5, 2]",5,7,J1-Op2-M1->sid96; J1-Op2-M2->sid81; J1-Op2-M3->sid133; J2-Op2-M1->sid142; J2-Op2-M2->sid99; J3-Op2-M2->sid151; J3-Op2-M3->sid153
96,"[0, 1, 1, 0]","[0, 1, 1, 0]","[0, 0, 0, 0, 5, 2]",5,3,J2-Op2-M2->sid80; J3-Op2-M2->sid71; J3-Op2-M3->sid156
97,"[0, 1, 1, 0]","[1, 0, 1, 0]","[0, 0, 0, 0, 5, 2]",6,2,J2-Op2-M1->sid105; J3-Op2-M3->sid157
98,"[0, 1, 1, 0]","[1, 1, 0, 0]","[0, 0, 0, 0, 5, 2]",9,3,J2-Op2-M1->sid108; J2-Op2-M2->sid158; J3-Op2-M2->sid159
99,"[1, 0, 1, 0]","[1, 0, 1, 0]","[2, 3, 6, 4, 0, 0]",5,3,J1-Op2-M1->sid80; J1-Op2-M3->sid158; J3-Op2-M3->sid160
100,"[1, 1, 0, 0]","[1, 0, 1, 0]","[2, 3, 6, 4, 5, 2]",6,3,J1-Op2-M1->sid71; J1-Op2-M3->sid159; J2-Op2-M1->sid109
101,"[1, 1, 0, 0]","[1, 1, 0, 0]","[2, 3, 6, 4, 5, 2]",8,4,J1-Op2-M1->sid156; J1-Op2-M2->sid157; J2-Op2-M1->sid111; J2-Op2-M2->sid160
102,"[0, 0, 0, 1]","[0, 1, 0, 0]","[0, 0, 0, 0, 0, 0]",8,1,"('WAIT',)->sid161"
103,"[0, 0, 1, 0]","[0, 1, 0, 0]","[0, 0, 0, 0, 0, 0]",7,1,J3-Op2-M2->sid162
104,"[0, 0, 0, 1]","[1, 0, 0, 0]","[0, 0, 0, 0, 0, 0]",8,1,J4-Op1-M1->sid112
105,"[0, 0, 1, 0]","[0, 0, 1, 0]","[0, 0, 0, 0, 0, 0]",8,1,J3-Op2-M3->sid112
106,"[0, 0, 1, 0]","[1, 0, 0, 0]","[0, 0, 0, 0, 0, 0]",7,1,"('WAIT',)->sid163"
107,"[0, 0, 0, 1]","[1, 0, 0, 0]","[0, 0, 0, 0, 0, 0]",9,1,J4-Op1-M1->sid164
108,"[0, 0, 1, 0]","[0, 1, 0, 0]","[0, 0, 0, 0, 0, 0]",9,1,J3-Op2-M2->sid164
109,"[1, 0, 0, 0]","[0, 0, 1, 0]","[2, 3, 6, 4, 0, 0]",8,1,J1-Op2-M3->sid164
110,"[1, 0, 0, 0]","[1, 0, 0, 0]","[2, 3, 6, 4, 0, 0]",7,1,J1-Op2-M1->sid162
111,"[1, 0, 0, 0]","[0, 1, 0, 0]","[2, 3, 6, 4, 0, 0]",8,1,J1-Op2-M2->sid112
112,"[0, 0, 0, 0]","[0, 0, 0, 0]","[0, 0, 0, 0, 0, 0]",8,1,"('WAIT',)->sid165"
113,"[0, 0, 1, 0]","[0, 0, 1, 0]","[0, 0, 0, 0, 0, 0]",7,1,J3-Op2-M3->sid162
114,"[0, 1, 0, 0]","[1, 0, 0, 0]","[0, 0, 0, 0, 5, 2]",7,1,J2-Op2-M1->sid162
115,"[0, 0, 1, 1]","[0, 0, 1, 1]","[0, 0, 0, 0, 0, 0]",4,4,J3-Op2-M3->sid166; J3-Op2-M4->sid55; J4-Op1-M3->sid167; J4-Op1-M4->sid80
116,"[0, 0, 1, 1]","[0, 1, 1, 0]","[0, 0, 0, 0, 0, 0]",5,3,J3-Op2-M2->sid168; J3-Op2-M3->sid169; J4-Op1-M3->sid170
117,"[0, 1, 0, 1]","[0, 0, 1, 1]","[0, 0, 0, 0, 5, 2]",5,3,J2-Op2-M4->sid168; J4-Op1-M3->sid171; J4-Op1-M4->sid172
118,"[0, 1, 0, 1]","[0, 1, 0, 1]","[0, 0, 0, 0, 5, 2]",7,3,J2-Op2-M2->sid166; J2-Op2-M4->sid169; J4-Op1-M4->sid173
119,"[0, 1, 0, 1]","[0, 1, 1, 0]","[0, 0, 0, 0, 5, 2]",6,2,J2-Op2-M2->sid55; J4-Op1-M3->sid174
120,"[0, 1, 1, 0]","[0, 1, 0, 1]","[0, 0, 0, 0, 5, 2]",6,4,J2-Op2-M2->sid167; J2-Op2-M4->sid170; J3-Op2-M2->sid171; J3-Op2-M4->sid174
121,"[0, 0, 1, 1]","[0, 0, 1, 1]","[0, 0, 0, 0, 0, 0]",7,4,J3-Op2-M3->sid166; J3-Op2-M4->sid175; J4-Op1-M3->sid176; J4-Op1-M4->sid113
122,"[0, 0, 1, 1]","[1, 0, 1, 0]","[0, 0, 0, 0, 0, 0]",5,3,J3-Op2-M3->sid177; J4-Op1-M1->sid113; J4-Op1-M3->sid178
123,"[0, 1, 0, 1]","[1, 0, 0, 1]","[0, 0, 0, 0, 5, 2]",7,4,J2-Op2-M1->sid166; J2-Op2-M4->sid177; J4-Op1-M1->sid179; J4-Op1-M4->sid114
124,"[0, 1, 0, 1]","[1, 0, 1, 0]","[0, 0, 0, 0, 5, 2]",6,3,J2-Op2-M1->sid175; J4-Op1-M1->sid180; J4-Op1-M3->sid181
125,"[0, 1, 1, 0]","[0, 0, 1, 1]","[0, 0, 0, 0, 5, 2]",7,3,J2-Op2-M4->sid113; J3-Op2-M3->sid179; J3-Op2-M4->sid180
126,"[0, 1, 1, 0]","[1, 0, 0, 1]","[0, 0, 0, 0, 5, 2]",6,3,J2-Op2-M1->sid176; J2-Op2-M4->sid178; J3-Op2-M4->sid181
127,"[0, 0, 1, 1]","[0, 1, 0, 1]","[0, 0, 0, 0, 0, 0]",8,3,J3-Op2-M2->sid182; J3-Op2-M4->sid102; J4-Op1-M4->sid183
128,"[0, 0, 1, 1]","[1, 0, 0, 1]","[0, 0, 0, 0, 0, 0]",8,3,J3-Op2-M4->sid104; J4-Op1-M1->sid184; J4-Op1-M4->sid185
129,"[0, 0, 1, 1]","[1, 1, 0, 0]","[0, 0, 0, 0, 0, 0]",8,2,J3-Op2-M2->sid104; J4-Op1-M1->sid183
130,"[0, 1, 0, 1]","[1, 0, 0, 1]","[0, 0, 0, 0, 5, 2]",8,4,J2-Op2-M1->sid182; J2-Op2-M4->sid104; J4-Op1-M1->sid186; J4-Op1-M4->sid157
131,"[0, 1, 0, 1]","[1, 1, 0, 0]","[0, 0, 0, 0, 5, 2]",8,3,J2-Op2-M1->sid102; J2-Op2-M2->sid104; J4-Op1-M1->sid156
132,"[0, 1, 1, 0]","[0, 1, 0, 1]","[0, 0, 0, 0, 5, 2]",8,4,J2-Op2-M2->sid184; J2-Op2-M4->sid183; J3-Op2-M2->sid186; J3-Op2-M4->sid156
133,"[0, 1, 1, 0]","[1, 1, 0, 0]","[0, 0, 0, 0, 5, 2]",8,3,J2-Op2-M1->sid183; J2-Op2-M2->sid185; J3-Op2-M2->sid157
134,"[0, 0, 1, 1]","[0, 1, 1, 0]","[0, 0, 0, 0, 0, 0]",7,3,J3-Op2-M2->sid175; J3-Op2-M3->sid169; J4-Op1-M3->sid103
135,"[0, 1, 0, 1]","[1, 1, 0, 0]","[0, 0, 0, 0, 5, 2]",7,3,J2-Op2-M1->sid169; J2-Op2-M2->sid177; J4-Op1-M1->sid173
136,"[0, 1, 1, 0]","[0, 1, 1, 0]","[0, 0, 0, 0, 5, 2]",7,3,J2-Op2-M2->sid113; J3-Op2-M2->sid180; J3-Op2-M3->sid173
137,"[0, 1, 1, 0]","[1, 1, 0, 0]","[0, 0, 0, 0, 5, 2]",6,3,J2-Op2-M1->sid103; J2-Op2-M2->sid178; J3-Op2-M2->sid181
138,"[1, 0, 0, 1]","[0, 0, 1, 1]","[2, 3, 6, 4, 0, 0]",7,4,J1-Op2-M3->sid182; J1-Op2-M4->sid175; J4-Op1-M3->sid187; J4-Op1-M4->sid188
139,"[1, 0, 0, 1]","[0, 1, 0, 1]","[2, 3, 6, 4, 0, 0]",7,3,J1-Op2-M2->sid166; J1-Op2-M4->sid169; J4-Op1-M4->sid189
140,"[1, 0, 0, 1]","[0, 1, 1, 0]","[2, 3, 6, 4, 0, 0]",7,3,J1-Op2-M2->sid175; J1-Op2-M3->sid102; J4-Op1-M3->sid189
141,"[1, 0, 1, 0]","[0, 1, 0, 1]","[2, 3, 6, 4, 0, 0]",7,4,J1-Op2-M2->sid176; J1-Op2-M4->sid103; J3-Op2-M2->sid187; J3-Op2-M4->sid189
142,"[1, 0, 1, 0]","[0, 1, 1, 0]","[2, 3, 6, 4, 0, 0]",7,4,J1-Op2-M2->sid113; J1-Op2-M3->sid183; J3-Op2-M2->sid188; J3-Op2-M3->sid189
143,"[1, 0, 0, 1]","[1, 0, 0, 1]","[2, 3, 6, 4, 0, 0]",7,4,J1-Op2-M1->sid166; J1-Op2-M4->sid177; J4-Op1-M1->sid187; J4-Op1-M4->sid110
144,"[1, 0, 1, 0]","[0, 0, 1, 1]","[2, 3, 6, 4, 0, 0]",7,4,J1-Op2-M3->sid184; J1-Op2-M4->sid113; J3-Op2-M3->sid187; J3-Op2-M4->sid188
145,"[1, 0, 1, 0]","[1, 0, 0, 1]","[2, 3, 6, 4, 0, 0]",6,3,J1-Op2-M1->sid167; J1-Op2-M4->sid178; J3-Op2-M4->sid72
146,"[1, 0, 0, 1]","[1, 0, 1, 0]","[2, 3, 6, 4, 0, 0]",5,4,J1-Op2-M1->sid168; J1-Op2-M3->sid104; J4-Op1-M1->sid188; J4-Op1-M3->sid72
147,"[1, 0, 0, 1]","[1, 1, 0, 0]","[2, 3, 6, 4, 0, 0]",7,3,J1-Op2-M1->sid169; J1-Op2-M2->sid177; J4-Op1-M1->sid189
148,"[1, 0, 1, 0]","[1, 1, 0, 0]","[2, 3, 6, 4, 0, 0]",6,3,J1-Op2-M1->sid170; J1-Op2-M2->sid178; J3-Op2-M2->sid72
149,"[1, 1, 0, 0]","[0, 0, 1, 1]","[2, 3, 6, 4, 5, 2]",7,3,J1-Op2-M3->sid186; J1-Op2-M4->sid180; J2-Op2-M4->sid188
150,"[1, 1, 0, 0]","[1, 0, 0, 1]","[2, 3, 6, 4, 5, 2]",6,4,J1-Op2-M1->sid171; J1-Op2-M4->sid181; J2-Op2-M1->sid187; J2-Op2-M4->sid72
151,"[1, 1, 0, 0]","[1, 0, 1, 0]","[2, 3, 6, 4, 5, 2]",5,3,J1-Op2-M1->sid172; J1-Op2-M3->sid157; J2-Op2-M1->sid188
152,"[1, 1, 0, 0]","[0, 1, 0, 1]","[2, 3, 6, 4, 5, 2]",7,4,J1-Op2-M2->sid179; J1-Op2-M4->sid173; J2-Op2-M2->sid187; J2-Op2-M4->sid189
153,"[1, 1, 0, 0]","[1, 1, 0, 0]","[2, 3, 6, 4, 5, 2]",7,4,J1-Op2-M1->sid173; J1-Op2-M2->sid114; J2-Op2-M1->sid189; J2-Op2-M2->sid110
154,"[1, 1, 0, 0]","[0, 1, 1, 0]","[2, 3, 6, 4, 5, 2]",7,3,J1-Op2-M2->sid180; J1-Op2-M3->sid156; J2-Op2-M2->sid188
155,"[1, 1, 0, 0]","[1, 1, 0, 0]","[2, 3, 6, 4, 5, 2]",6,4,J1-Op2-M1->sid174; J1-Op2-M2->sid181; J2-Op2-M1->sid189; J2-Op2-M2->sid72
156,"[0, 1, 0, 0]","[0, 1, 0, 0]","[0, 0, 0, 0, 5, 2]",8,1,J2-Op2-M2->sid112
157,"[0, 1, 0, 0]","[1, 0, 0, 0]","[0, 0, 0, 0, 5, 2]",8,1,J2-Op2-M1->sid112
158,"[0, 0, 1, 0]","[1, 0, 0, 0]","[0, 0, 0, 0, 0, 0]",9,1,"('WAIT',)->sid190"
159,"[0, 1, 0, 0]","[1, 0, 0, 0]","[0, 0, 0, 0, 5, 2]",9,1,J2-Op2-M1->sid164
160,"[1, 0, 0, 0]","[1, 0, 0, 0]","[2, 3, 6, 4, 0, 0]",8,1,J1-Op2-M1->sid112
161,"[1, 0, 0, 1]","[1, 1, 0, 0]","[0, 4, 2, 5, 0, 0]",8,2,J1-Op3-M2->sid107; J4-Op1-M1->sid191
162,"[0, 0, 0, 0]","[0, 0, 0, 0]","[0, 0, 0, 0, 0, 0]",7,1,"('WAIT',)->sid192"
163,"[1, 1, 1, 0]","[1, 1, 0, 1]","[0, 4, 2, 5, 5, 2]",7,7,J1-Op3-M2->sid193; J1-Op3-M4->sid194; J2-Op2-M1->sid195; J2-Op2-M2->sid196; J2-Op2-M4->sid197; J3-Op2-M2->sid198; J3-Op2-M4->sid199
164,"[0, 0, 0, 0]","[0, 0, 0, 0]","[0, 0, 0, 0, 0, 0]",9,1,"('WAIT',)->sid200"
165,"[0, 1, 0, 1]","[1, 0, 0, 1]","[0, 0, 0, 0, 5, 2]",8,4,J2-Op2-M1->sid201; J2-Op2-M4->sid202; J4-Op2-M1->sid186; J4-Op2-M4->sid159
166,"[0, 0, 0, 1]","[0, 0, 0, 1]","[0, 0, 0, 0, 0, 0]",7,1,J4-Op1-M4->sid162
167,"[0, 0, 1, 0]","[0, 0, 0, 1]","[0, 0, 0, 0, 0, 0]",6,1,J3-Op2-M4->sid65
168,"[0, 0, 0, 1]","[0, 0, 1, 0]","[0, 0, 0, 0, 0, 0]",5,1,J4-Op1-M3->sid65
169,"[0, 0, 0, 1]","[0, 1, 0, 0]","[0, 0, 0, 0, 0, 0]",7,1,"('WAIT',)->sid203"
170,"[0, 0, 1, 0]","[0, 1, 0, 0]","[0, 0, 0, 0, 0, 0]",6,1,J3-Op2-M2->sid65
171,"[0, 1, 0, 0]","[0, 0, 0, 1]","[0, 0, 0, 0, 5, 2]",6,1,J2-Op2-M4->sid65
172,"[0, 1, 0, 0]","[0, 0, 1, 0]","[0, 0, 0, 0, 5, 2]",5,1,"('WAIT',)->sid204"
173,"[0, 1, 0, 0]","[0, 1, 0, 0]","[0, 0, 0, 0, 5, 2]",7,1,J2-Op2-M2->sid162
174,"[0, 1, 0, 0]","[0, 1, 0, 0]","[0, 0, 0, 0, 5, 2]",6,1,J2-Op2-M2->sid65
175,"[0, 0, 0, 1]","[0, 0, 1, 0]","[0, 0, 0, 0, 0, 0]",7,1,J4-Op1-M3->sid162
176,"[0, 0, 1, 0]","[0, 0, 0, 1]","[0, 0, 0, 0, 0, 0]",7,1,J3-Op2-M4->sid162
177,"[0, 0, 0, 1]","[1, 0, 0, 0]","[0, 0, 0, 0, 0, 0]",7,1,J4-Op1-M1->sid162
178,"[0, 0, 1, 0]","[1, 0, 0, 0]","[0, 0, 0, 0, 0, 0]",6,1,"('WAIT',)->sid205"
179,"[0, 1, 0, 0]","[0, 0, 0, 1]","[0, 0, 0, 0, 5, 2]",7,1,J2-Op2-M4->sid162
180,"[0, 1, 0, 0]","[0, 0, 1, 0]","[0, 0, 0, 0, 5, 2]",7,1,"('WAIT',)->sid206"
181,"[0, 1, 0, 0]","[1, 0, 0, 0]","[0, 0, 0, 0, 5, 2]",6,1,J2-Op2-M1->sid162
182,"[0, 0, 0, 1]","[0, 0, 0, 1]","[0, 0, 0, 0, 0, 0]",8,1,J4-Op1-M4->sid112
183,"[0, 0, 1, 0]","[0, 1, 0, 0]","[0, 0, 0, 0, 0, 0]",8,1,J3-Op2-M2->sid112
184,"[0, 0, 1, 0]","[0, 0, 0, 1]","[0, 0, 0, 0, 0, 0]",8,1,J3-Op2-M4->sid112
185,"[0, 0, 1, 0]","[1, 0, 0, 0]","[0, 0, 0, 0, 0, 0]",8,1,"('WAIT',)->sid207"
186,"[0, 1, 0, 0]","[0, 0, 0, 1]","[0, 0, 0, 0, 5, 2]",8,1,J2-Op2-M4->sid112
187,"[1, 0, 0, 0]","[0, 0, 0, 1]","[2, 3, 6, 4, 0, 0]",7,1,J1-Op2-M4->sid162
188,"[1, 0, 0, 0]","[0, 0, 1, 0]","[2, 3, 6, 4, 0, 0]",7,1,J1-Op2-M3->sid112
189,"[1, 0, 0, 0]","[0, 1, 0, 0]","[2, 3, 6, 4, 0, 0]",7,1,J1-Op2-M2->sid162
190,"[0, 0, 1, 1]","[1, 0, 0, 1]","[0, 0, 0, 0, 0, 0]",9,3,J3-Op2-M4->sid208; J4-Op2-M1->sid209; J4-Op2-M4->sid158
191,"[1, 0, 0, 0]","[0, 1, 0, 0]","[0, 4, 2, 5, 0, 0]",10,1,J1-Op3-M2->sid210
192,"[1, 0, 0, 0]","[1, 0, 0, 0]","[0, 4, 2, 5, 0, 0]",7,1,"('WAIT',)->sid211"
193,"[0, 1, 1, 0]","[1, 0, 0, 1]","[0, 0, 0, 0, 5, 2]",10,3,J2-Op2-M1->sid212; J2-Op2-M4->sid213; J3-Op2-M4->sid214
194,"[0, 1, 1, 0]","[1, 1, 0, 0]","[0, 0, 0, 0, 5, 2]",11,3,J2-Op2-M1->sid215; J2-Op2-M2->sid216; J3-Op2-M2->sid217
195,"[1, 0, 1, 0]","[0, 1, 0, 1]","[0, 4, 2, 5, 0, 0]",11,4,J1-Op3-M2->sid212; J1-Op3-M4->sid215; J3-Op2-M2->sid218; J3-Op2-M4->sid219
196,"[1, 0, 1, 0]","[1, 0, 0, 1]","[0, 4, 2, 5, 0, 0]",8,2,J1-Op3-M4->sid216; J3-Op2-M4->sid220
197,"[1, 0, 1, 0]","[1, 1, 0, 0]","[0, 4, 2, 5, 0, 0]",9,2,J1-Op3-M2->sid213; J3-Op2-M2->sid221
198,"[1, 1, 0, 0]","[1, 0, 0, 1]","[0, 4, 2, 5, 5, 2]",9,3,J1-Op3-M4->sid217; J2-Op2-M1->sid218; J2-Op2-M4->sid221
199,"[1, 1, 0, 0]","[1, 1, 0, 0]","[0, 4, 2, 5, 5, 2]",10,3,J1-Op3-M2->sid214; J2-Op2-M1->sid219; J2-Op2-M2->sid220
200,"[0, 1, 1, 0]","[0, 1, 0, 1]","[0, 0, 0, 0, 5, 2]",9,4,J2-Op2-M2->sid222; J2-Op2-M4->sid223; J3-Op3-M2->sid224; J3-Op3-M4->sid225
201,"[0, 0, 0, 1]","[0, 0, 0, 1]","[0, 0, 0, 0, 0, 0]",9,1,J4-Op2-M4->sid164
202,"[0, 0, 0, 1]","[1, 0, 0, 0]","[0, 0, 0, 0, 0, 0]",8,1,J4-Op2-M1->sid112
203,"[1, 0, 0, 1]","[1, 1, 0, 0]","[0, 4, 2, 5, 0, 0]",7,2,J1-Op3-M2->sid104; J4-Op1-M1->sid226
204,"[1, 1, 0, 0]","[1, 0, 1, 0]","[0, 4, 2, 5, 5, 2]",5,2,J1-Op3-M3->sid181; J2-Op2-M1->sid227
205,"[1, 1, 1, 0]","[1, 1, 0, 1]","[0, 4, 2, 5, 3, 0]",6,6,J1-Op3-M2->sid228; J1-Op3-M4->sid229; J2-Op3-M1->sid230; J2-Op3-M4->sid231; J3-Op2-M2->sid232; J3-Op2-M4->sid233
206,"[1, 1, 0, 0]","[0, 1, 1, 0]","[0, 4, 2, 5, 5, 2]",7,3,J1-Op3-M2->sid234; J1-Op3-M3->sid173; J2-Op2-M2->sid235
207,"[0, 1, 1, 0]","[1, 1, 0, 0]","[0, 0, 0, 0, 3, 0]",8,2,J2-Op3-M1->sid183; J3-Op2-M2->sid236
208,"[0, 0, 0, 1]","[1, 0, 0, 0]","[0, 0, 0, 0, 0, 0]",9,1,J4-Op2-M1->sid164
209,"[0, 0, 1, 0]","[0, 0, 0, 1]","[0, 0, 0, 0, 0, 0]",9,1,J3-Op2-M4->sid164
210,"[0, 0, 0, 0]","[0, 0, 0, 0]","[0, 0, 0, 0, 0, 0]",10,1,"('WAIT',)->sid237"
211,"[1, 1, 1, 0]","[1, 1, 0, 1]","[0, 4, 2, 5, 5, 2]",7,8,J1-Op3-M2->sid238; J1-Op3-M4->sid239; J2-Op2-M1->sid240; J2-Op2-M2->sid241; J2-Op2-M4->sid242; J3-Op3-M1->sid243; J3-Op3-M2->sid244; J3-Op3-M4->sid245
212,"[0, 0, 1, 0]","[0, 0, 0, 1]","[0, 0, 0, 0, 0, 0]",11,1,J3-Op2-M4->sid246
213,"[0, 0, 1, 0]","[1, 0, 0, 0]","[0, 0, 0, 0, 0, 0]",10,1,"('WAIT',)->sid247"
214,"[0, 1, 0, 0]","[1, 0, 0, 0]","[0, 0, 0, 0, 5, 2]",10,1,J2-Op2-M1->sid246
215,"[0, 0, 1, 0]","[0, 1, 0, 0]","[0, 0, 0, 0, 0, 0]",11,1,J3-Op2-M2->sid246
216,"[0, 0, 1, 0]","[1, 0, 0, 0]","[0, 0, 0, 0, 0, 0]",11,1,"('WAIT',)->sid248"
217,"[0, 1, 0, 0]","[1, 0, 0, 0]","[0, 0, 0, 0, 5, 2]",11,1,J2-Op2-M1->sid246
218,"[1, 0, 0, 0]","[0, 0, 0, 1]","[0, 4, 2, 5, 0, 0]",11,1,J1-Op3-M4->sid246
219,"[1, 0, 0, 0]","[0, 1, 0, 0]","[0, 4, 2, 5, 0, 0]",11,1,J1-Op3-M2->sid246
220,"[1, 0, 0, 0]","[1, 0, 0, 0]","[0, 4, 2, 5, 0, 0]",10,1,"('WAIT',)->sid249"
221,"[1, 0, 0, 0]","[1, 0, 0, 0]","[0, 4, 2, 5, 0, 0]",9,1,"('WAIT',)->sid250"
222,"[0, 0, 1, 0]","[0, 0, 0, 1]","[0, 0, 0, 0, 0, 0]",9,1,J3-Op3-M4->sid164
223,"[0, 0, 1, 0]","[0, 1, 0, 0]","[0, 0, 0, 0, 0, 0]",9,1,J3-Op3-M2->sid164
224,"[0, 1, 0, 0]","[0, 0, 0, 1]","[0, 0, 0, 0, 5, 2]",9,1,J2-Op2-M4->sid164
225,"[0, 1, 0, 0]","[0, 1, 0, 0]","[0, 0, 0, 0, 5, 2]",9,1,J2-Op2-M2->sid164
226,"[1, 0, 0, 0]","[0, 1, 0, 0]","[0, 4, 2, 5, 0, 0]",9,1,J1-Op3-M2->sid164
227,"[1, 0, 0, 0]","[0, 0, 1, 0]","[0, 4, 2, 5, 0, 0]",9,1,J1-Op3-M3->sid164
228,"[0, 1, 1, 0]","[1, 0, 0, 1]","[0, 0, 0, 0, 3, 0]",9,3,J2-Op3-M1->sid209; J2-Op3-M4->sid158; J3-Op2-M4->sid251
229,"[0, 1, 1, 0]","[1, 1, 0, 0]","[0, 0, 0, 0, 3, 0]",10,2,J2-Op3-M1->sid252; J3-Op2-M2->sid253
230,"[1, 0, 1, 0]","[0, 1, 0, 1]","[0, 4, 2, 5, 0, 0]",8,4,J1-Op3-M2->sid209; J1-Op3-M4->sid252; J3-Op2-M2->sid254; J3-Op2-M4->sid226
231,"[1, 0, 1, 0]","[1, 1, 0, 0]","[0, 4, 2, 5, 0, 0]",7,2,J1-Op3-M2->sid158; J3-Op2-M2->sid255
232,"[1, 1, 0, 0]","[1, 0, 0, 1]","[0, 4, 2, 5, 3, 0]",8,3,J1-Op3-M4->sid253; J2-Op3-M1->sid254; J2-Op3-M4->sid255
233,"[1, 1, 0, 0]","[1, 1, 0, 0]","[0, 4, 2, 5, 3, 0]",9,2,J1-Op3-M2->sid251; J2-Op3-M1->sid226
234,"[0, 1, 0, 0]","[0, 0, 1, 0]","[0, 0, 0, 0, 5, 2]",9,1,"('WAIT',)->sid256"
235,"[1, 0, 0, 0]","[0, 0, 1, 0]","[0, 4, 2, 5, 0, 0]",7,1,J1-Op3-M3->sid162
236,"[0, 1, 0, 0]","[1, 0, 0, 0]","[0, 0, 0, 0, 3, 0]",8,1,J2-Op3-M1->sid112
237,"[0, 1, 0, 0]","[0, 0, 0, 1]","[0, 0, 0, 0, 5, 2]",10,1,J2-Op2-M4->sid210
238,"[0, 1, 1, 0]","[1, 0, 0, 1]","[0, 0, 0, 0, 5, 2]",10,4,J2-Op2-M1->sid257; J2-Op2-M4->sid258; J3-Op3-M1->sid237; J3-Op3-M4->sid214
239,"[0, 1, 1, 0]","[1, 1, 0, 0]","[0, 0, 0, 0, 5, 2]",11,4,J2-Op2-M1->sid259; J2-Op2-M2->sid260; J3-Op3-M1->sid261; J3-Op3-M2->sid217
240,"[1, 0, 1, 0]","[0, 1, 0, 1]","[0, 4, 2, 5, 0, 0]",11,4,J1-Op3-M2->sid257; J1-Op3-M4->sid259; J3-Op3-M2->sid218; J3-Op3-M4->sid219
241,"[1, 0, 1, 0]","[1, 0, 0, 1]","[0, 4, 2, 5, 0, 0]",8,3,J1-Op3-M4->sid260; J3-Op3-M1->sid262; J3-Op3-M4->sid221
242,"[1, 0, 1, 0]","[1, 1, 0, 0]","[0, 4, 2, 5, 0, 0]",9,3,J1-Op3-M2->sid258; J3-Op3-M1->sid191; J3-Op3-M2->sid221
243,"[1, 1, 0, 0]","[0, 1, 0, 1]","[0, 4, 2, 5, 5, 2]",10,4,J1-Op3-M2->sid237; J1-Op3-M4->sid261; J2-Op2-M2->sid262; J2-Op2-M4->sid191
244,"[1, 1, 0, 0]","[1, 0, 0, 1]","[0, 4, 2, 5, 5, 2]",8,3,J1-Op3-M4->sid217; J2-Op2-M1->sid218; J2-Op2-M4->sid221
245,"[1, 1, 0, 0]","[1, 1, 0, 0]","[0, 4, 2, 5, 5, 2]",9,3,J1-Op3-M2->sid214; J2-Op2-M1->sid219; J2-Op2-M2->sid221
246,"[0, 0, 0, 0]","[0, 0, 0, 0]","[0, 0, 0, 0, 0, 0]",11,1,"('WAIT',)->sid263"
247,"[0, 0, 1, 1]","[1, 0, 1, 0]","[0, 0, 0, 0, 0, 0]",10,3,J3-Op2-M3->sid264; J4-Op2-M1->sid265; J4-Op2-M3->sid213
248,"[0, 0, 1, 1]","[1, 0, 1, 0]","[0, 0, 0, 0, 0, 0]",11,3,J3-Op2-M3->sid264; J4-Op2-M1->sid266; J4-Op2-M3->sid216
249,"[1, 0, 0, 1]","[1, 0, 1, 0]","[0, 4, 2, 5, 0, 0]",10,3,J1-Op3-M3->sid267; J4-Op2-M1->sid268; J4-Op2-M3->sid220
250,"[1, 0, 0, 1]","[1, 0, 1, 0]","[0, 4, 2, 5, 0, 0]",9,3,J1-Op3-M3->sid208; J4-Op2-M1->sid268; J4-Op2-M3->sid221
251,"[0, 1, 0, 0]","[1, 0, 0, 0]","[0, 0, 0, 0, 3, 0]",9,1,J2-Op3-M1->sid164
252,"[0, 0, 1, 0]","[0, 1, 0, 0]","[0, 0, 0, 0, 0, 0]",10,1,J3-Op2-M2->sid210
253,"[0, 1, 0, 0]","[1, 0, 0, 0]","[0, 0, 0, 0, 3, 0]",10,1,J2-Op3-M1->sid210
254,"[1, 0, 0, 0]","[0, 0, 0, 1]","[0, 4, 2, 5, 0, 0]",8,1,J1-Op3-M4->sid210
255,"[1, 0, 0, 0]","[1, 0, 0, 0]","[0, 4, 2, 5, 0, 0]",8,1,"('WAIT',)->sid269"
256,"[0, 1, 1, 0]","[0, 0, 1, 1]","[0, 0, 0, 0, 5, 2]",9,3,J2-Op2-M4->sid270; J3-Op3-M3->sid271; J3-Op3-M4->sid234
257,"[0, 0, 1, 0]","[0, 0, 0, 1]","[0, 0, 0, 0, 0, 0]",11,1,J3-Op3-M4->sid246
258,"[0, 0, 1, 0]","[1, 0, 0, 0]","[0, 0, 0, 0, 0, 0]",10,1,J3-Op3-M1->sid210
259,"[0, 0, 1, 0]","[0, 1, 0, 0]","[0, 0, 0, 0, 0, 0]",11,1,J3-Op3-M2->sid246
260,"[0, 0, 1, 0]","[1, 0, 0, 0]","[0, 0, 0, 0, 0, 0]",11,1,J3-Op3-M1->sid246
261,"[0, 1, 0, 0]","[0, 1, 0, 0]","[0, 0, 0, 0, 5, 2]",11,1,J2-Op2-M2->sid246
262,"[1, 0, 0, 0]","[0, 0, 0, 1]","[0, 4, 2, 5, 0, 0]",10,1,J1-Op3-M4->sid246
263,"[0, 0, 0, 1]","[0, 0, 1, 0]","[0, 0, 0, 0, 0, 0]",11,1,J4-Op2-M3->sid246
264,"[0, 0, 0, 1]","[1, 0, 0, 0]","[0, 0, 0, 0, 0, 0]",12,1,J4-Op2-M1->sid272
265,"[0, 0, 1, 0]","[0, 0, 1, 0]","[0, 0, 0, 0, 0, 0]",10,1,J3-Op2-M3->sid272
266,"[0, 0, 1, 0]","[0, 0, 1, 0]","[0, 0, 0, 0, 0, 0]",11,1,J3-Op2-M3->sid272
267,"[0, 0, 0, 1]","[1, 0, 0, 0]","[0, 0, 0, 0, 0, 0]",10,1,J4-Op2-M1->sid210
268,"[1, 0, 0, 0]","[0, 0, 1, 0]","[0, 4, 2, 5, 0, 0]",10,1,J1-Op3-M3->sid210
269,"[1, 0, 0, 1]","[1, 0, 1, 0]","[0, 4, 2, 5, 0, 0]",8,3,J1-Op3-M3->sid202; J4-Op2-M1->sid227; J4-Op2-M3->sid255
270,"[0, 0, 1, 0]","[0, 0, 1, 0]","[0, 0, 0, 0, 0, 0]",9,1,J3-Op3-M3->sid272
271,"[0, 1, 0, 0]","[0, 0, 0, 1]","[0, 0, 0, 0, 5, 2]",12,1,J2-Op2-M4->sid272
272,"[0, 0, 0, 0]","[0, 0, 0, 0]","[0, 0, 0, 0, 0, 0]",12,3,"('WAIT',)->sid273; ('WAIT',)->sid274; ('WAIT',)->sid264"
273,"[0, 1, 0, 0]","[0, 0, 0, 1]","[0, 0, 0, 0, 3, 0]",12,1,J2-Op3-M4->sid272
274,"[0, 1, 0, 0]","[0, 1, 0, 0]","[0, 0, 0, 0, 3, 0]",12,1,"('WAIT',)->sid275"
275,"[0, 1, 0, 0]","[1, 1, 0, 0]","[0, 0, 0, 0, 3, 0]",12,1,J2-Op3-M1->sid276
276,"[0, 0, 0, 0]","[0, 1, 0, 0]","[0, 0, 0, 0, 0, 0]",13,1,"('WAIT',)->sid277"
277,"[0, 0, 0, 0]","[0, 1, 0, 1]","[0, 0, 0, 0, 0, 0]",13,1,"('WAIT',)->sid278"
278,"[0, 0, 1, 0]","[0, 1, 1, 1]","[0, 0, 0, 0, 0, 0]",13,3,J3-Op3-M2->sid279; J3-Op3-M3->sid280; J3-Op3-M4->sid281
279,"[0, 0, 0, 0]","[0, 0, 1, 1]","[0, 0, 0, 0, 0, 0]",14,0,
280,"[0, 0, 0, 0]","[0, 1, 0, 1]","[0, 0, 0, 0, 0, 0]",18,0,
281,"[0, 0, 0, 0]","[0, 1, 1, 0]","[0, 0, 0, 0, 0, 0]",15,0,
